noise	t-test_p-val
0	9.017472196067437e-213
0.1	1.9977078417605763e-219
0.2	2.137202715246367e-222
0.3	3.791461141424334e-226
